比赛日期,比赛,比赛场次,比赛小场,对阵双方,获胜方,比赛时长,一血得主,第一座塔得主,蓝方名称,蓝方ban英雄1,蓝方ban英雄2,蓝方ban英雄3,,蓝方ban英雄4,蓝方ban英雄5,蓝方ban英雄,蓝方总击杀,蓝方击杀大龙,蓝方击杀小龙,蓝方推塔数,蓝方总金钱,红方名称,红方ban英雄1,红方ban英雄2,红方ban英雄3,红方ban英雄4,红方ban英雄5,红方ban英雄6,红方总击杀,红方击杀大龙,红方击杀小龙,红方推塔数,红方总金钱
2017.03.19	,2017职业联赛	,第六周	,第二场	,Newbee vs OMG	,Newbee	,31分41秒	,OMGWorld6	,NBLwx	,Newbee	,惩戒之箭-韦鲁斯	,符文法师-瑞兹	,诡术妖姬-乐芙兰	,68	,4	,11	,0	,1	,1	,51504	,OMG	,虚空先知-玛尔扎哈	,未来守护者-杰斯	,暮光之眼-慎	,79	,238	,20	,1	,3	,11	,66702	
2017.03.19	,2017职业联赛	,第六周	,第一场	,Newbee vs OMG	,OMG	,40分50秒	,NBSwift	,OMG	,Newbee	,仙灵女巫-璐璐	,暗黑元首-辛德拉	,暮光之眼-慎	,238	,7	,9	,1	,0	,2	,68431	,OMG	,未来守护者-杰斯	,惩戒之箭-韦鲁斯	,虚空先知-玛尔扎哈	,267	,412	,15	,1	,5	,11	,80850	
2017.03.19	,2017职业联赛	,第六周	,第二场	,GT vs IM	,IM	,29分43秒	,GTWest	,GTWest	,GT	,机械公敌-兰博	,未来守护者-杰斯	,虚空先知-玛尔扎哈	,223	,43	,18	,1	,1	,8	,59661	,IM	,惩戒之箭-韦鲁斯	,深海泰坦-诺提勒斯	,暮光之眼-慎	,22	,202	,4	,0	,1	,4	,48466	
2017.03.19	,2017职业联赛	,第六周	,第一场	,GT vs IM	,IM	,23分33秒	,IMFlawless	,GT	,GT	,机械公敌-兰博	,未来守护者-杰斯	,虚空先知-玛尔扎哈	,223	,58	,14	,1	,2	,9	,49282	,IM	,惩戒之箭-韦鲁斯	,深海泰坦-诺提勒斯	,暮光之眼-慎	,134	,96	,1	,0	,0	,1	,34162	
2017.03.19	,2017职业联赛	,第六周	,第三场	,Newbee vs OMG	,OMG	,46分1秒	,NBCool	,NBSkye	,Newbee	,符文法师-瑞兹	,仙灵女巫-璐璐	,暮光之眼-慎	,412	,267	,13	,0	,1	,4	,80709	,OMG	,惩戒之箭-韦鲁斯	,诡术妖姬-乐芙兰	,虚空先知-玛尔扎哈	,103	,81	,30	,2	,4	,11	,90692	
2017.03.18	,2017职业联赛	,第六周	,第一场	,Snake vs EDG	,EDG	,29分13秒	,EDGMeiko	,EDGZet	,Snake	,虚空先知-玛尔扎哈	,未来守护者-杰斯	,蜘蛛女皇-伊莉丝	,68	,98	,1	,0	,0	,2	,46241	,EDG	,傲之追猎者-雷恩加尔	,法外狂徒-格雷福斯	,惩戒之箭-韦鲁斯	,79	,164	,11	,1	,3	,9	,56099	
2017.03.18	,2017职业联赛	,第六周	,第二场	,RNG vs WE	,WE	,35分23秒	,RNGBaybay	,RNGUzi	,RNG	,暴怒骑士-克烈	,符文法师-瑞兹	,惩戒之箭-韦鲁斯	,68	,134	,14	,2	,3	,9	,67262	,WE	,法外狂徒-格雷福斯	,傲之追猎者-雷恩加尔	,诡术妖姬-乐芙兰	,164	,43	,8	,0	,1	,3	,55013	
2017.03.18	,2017职业联赛	,第六周	,第二场	,VG vs LGD	,LGD	,34分32秒	,VGEasyhoon	,VGXuanXuanPi	,VG	,符文法师-瑞兹	,虚空先知-玛尔扎哈	,惩戒之箭-韦鲁斯	,68	,267	,18	,1	,3	,10	,69636	,LGD	,皮城女警-凯特琳	,深渊巨口-克格莫	,时间刺客-艾克	,114	,164	,12	,0	,1	,3	,57967	
2017.03.18	,2017职业联赛	,第六周	,第一场	,VG vs LGD	,LGD	,43分9秒	,LGDJinoo	,VGCaveman	,VG	,皮城女警-凯特琳	,深渊巨口-克格莫	,时间刺客-艾克	,164	,61	,14	,0	,1	,3	,72566	,LGD	,符文法师-瑞兹	,暗黑元首-辛德拉	,虚空先知-玛尔扎哈	,43	,69	,21	,1	,4	,10	,87586	
2017.03.18	,2017职业联赛	,第六周	,第三场	,RNG vs WE	,WE	,35分37秒	,RNGXiaohu	,WECondi	,RNG	,傲之追猎者-雷恩加尔	,虚空先知-玛尔扎哈	,法外狂徒-格雷福斯	,68	,117	,3	,0	,0	,2	,55051	,WE	,符文法师-瑞兹	,惩戒之箭-韦鲁斯	,蜘蛛女皇-伊莉丝	,164	,240	,12	,2	,4	,11	,65940	
2017.03.18	,2017职业联赛	,第六周	,第二场	,Snake vs EDG	,Snake	,35分20秒	,EDGZet	,Snake	,Snake	,傲之追猎者-雷恩加尔	,符文法师-瑞兹	,惩戒之箭-韦鲁斯	,85	,68	,5	,0	,4	,4	,57422	,EDG	,虚空先知-玛尔扎哈	,诡术妖姬-乐芙兰	,未来守护者-杰斯	,111	,79	,8	,1	,0	,8	,65928	
2017.03.18	,2017职业联赛	,第六周	,第一场	,RNG vs WE	,RNG	,28分48秒	,RNGBaybay	,RNGUzi	,RNG	,傲之追猎者-雷恩加尔	,虚空先知-玛尔扎哈	,诡术妖姬-乐芙兰	,22	,51	,12	,1	,2	,11	,57991	,WE	,法外狂徒-格雷福斯	,惩戒之箭-韦鲁斯	,青钢影-卡蜜尔	,43	,267	,2	,0	,1	,1	,41794	
2017.03.17	,2017职业联赛	,第六周	,第三场	,IG vs QG	,IG	,37分24秒	,IGMegan	,IGKidKid	,IG	,青钢影-卡蜜尔	,符文法师-瑞兹	,天启者-卡尔玛	,64	,104	,15	,1	,4	,8	,69785	,QG	,未来守护者-杰斯	,诡术妖姬-乐芙兰	,暗黑元首-辛德拉	,110	,22	,8	,0	,0	,1	,58382	
2017.03.17	,2017职业联赛	,第六周	,第一场	,IG vs QG	,QG	,37分30秒	,QGClid	,IGMegan	,IG	,虚空先知-玛尔扎哈	,青钢影-卡蜜尔	,符文法师-瑞兹	,98	,202	,8	,0	,1	,4	,61511	,QG	,暗黑元首-辛德拉	,未来守护者-杰斯	,诡术妖姬-乐芙兰	,61	,163	,12	,1	,3	,7	,68110	
2017.03.17	,2017职业联赛	,第六周	,第三场	,Newbee vs IM	,Newbee	,52分44秒	,NBSwift	,NBMor	,Newbee	,符文法师-瑞兹	,青钢影-卡蜜尔	,惩戒之箭-韦鲁斯	,8	,22	,21	,2	,2	,10	,97010	,IM	,未来守护者-杰斯	,诡术妖姬-乐芙兰	,虚空先知-玛尔扎哈	,91	,202	,19	,0	,3	,6	,92291	
2017.03.17	,2017职业联赛	,第六周	,第二场	,Newbee vs IM	,Newbee	,33分26秒	,NBSwift	,NBSkye	,Newbee	,符文法师-瑞兹	,青钢影-卡蜜尔	,惩戒之箭-韦鲁斯	,103	,8	,24	,1	,3	,11	,70919	,IM	,未来守护者-杰斯	,机械公敌-兰博	,诡术妖姬-乐芙兰	,15	,22	,12	,0	,0	,2	,55539	
2017.03.17	,2017职业联赛	,第六周	,第二场	,IG vs QG	,IG	,35分30秒	,IGKidKid	,QG	,IG	,未来守护者-杰斯	,暗黑元首-辛德拉	,酒桶-古拉加斯	,61	,163	,5	,0	,2	,0	,53076	,QG	,诡术妖姬-乐芙兰	,惩戒之箭-韦鲁斯	,青钢影-卡蜜尔	,98	,8	,23	,2	,2	,10	,72477	
2017.03.17	,2017职业联赛	,第六周	,第一场	,Newbee vs IM	,IM	,38分44秒	,NBSwift	,NBLwx	,Newbee	,符文法师-瑞兹	,猩红收割者-弗拉基米尔	,深海泰坦-诺提勒斯	,26	,202	,8	,0	,0	,2	,63398	,IM	,未来守护者-杰斯	,机械公敌-兰博	,诡术妖姬-乐芙兰	,91	,90	,17	,2	,4	,11	,78261	
2017.03.16	,2017职业联赛	,第六周	,第一场	,WE vs LGD	,WE	,28分46秒	,WE957	,WECondi	,WE	,机械公敌-兰博	,惩戒之箭-韦鲁斯	,未来守护者-杰斯	,164	,238	,20	,1	,2	,11	,59848	,LGD	,诡术妖姬-乐芙兰	,符文法师-瑞兹	,虚空先知-玛尔扎哈	,91	,98	,2	,0	,0	,0	,39154	
2017.03.16	,2017职业联赛	,第六周	,第三场	,OMG vs EDG	,OMG	,38分17秒	,EDGKoro1	,EDGZet	,OMG	,暗黑元首-辛德拉	,诡术妖姬-乐芙兰	,惩戒之箭-韦鲁斯	,13	,238	,24	,1	,2	,9	,74972	,EDG	,法外狂徒-格雷福斯	,傲之追猎者-雷恩加尔	,暮光之眼-慎	,115	,202	,18	,0	,1	,2	,62911	
2017.03.16	,2017职业联赛	,第六周	,第二场	,OMG vs EDG	,EDG	,35分24秒	,OMGJueJue	,EDGZet	,OMG	,暮光之眼-慎	,法外狂徒-格雷福斯	,影流之主-劫	,202	,61	,28	,1	,3	,11	,72034	,EDG	,暗黑元首-辛德拉	,诡术妖姬-乐芙兰	,惩戒之箭-韦鲁斯	,68	,13	,14	,0	,1	,1	,59507	
2017.03.16	,2017职业联赛	,第六周	,第一场	,OMG vs EDG	,OMG	,35分1秒	,EDGFireloli	,EDGZet	,OMG	,暗黑元首-辛德拉	,诡术妖姬-乐芙兰	,惩戒之箭-韦鲁斯	,22	,202	,22	,1	,4	,8	,67212	,EDG	,暮光之眼-慎	,法外狂徒-格雷福斯	,盲僧-李青	,43	,68	,12	,0	,0	,3	,58883	
2017.03.16	,2017职业联赛	,第六周	,第二场	,WE vs LGD	,WE	,29分17秒	,WEMystic	,WE957	,WE	,符文法师-瑞兹	,暗黑元首-辛德拉	,诡术妖姬-乐芙兰	,22	,81	,3	,0	,0	,3	,45763	,LGD	,未来守护者-杰斯	,惩戒之箭-韦鲁斯	,青钢影-卡蜜尔	,98	,111	,18	,1	,3	,9	,59312	
2017.03.12	,2017职业联赛	,第五周	,第一场	,QG vs LGD	,QG	,34分51秒	,QGKabe	,LGDIntruder	,QG	,皮城女警-凯特琳	,惩戒之箭-韦鲁斯	,法外狂徒-格雷福斯	,245	,61	,24	,1	,2	,8	,66506	,LGD	,诡术妖姬-乐芙兰	,符文法师-瑞兹	,猩红收割者-弗拉基米尔	,98	,69	,16	,1	,2	,5	,62548	
2017.03.12	,2017职业联赛	,第五周	,第二场	,QG vs LGD	,QG	,41分19秒	,QGKabe	,QGKabe	,QG	,符文法师-瑞兹	,诡术妖姬-乐芙兰	,猩红收割者-弗拉基米尔	,69	,117	,11	,0	,1	,1	,66692	,LGD	,皮城女警-凯特琳	,惩戒之箭-韦鲁斯	,发条魔灵-奥莉安娜	,245	,111	,14	,2	,3	,10	,77449	
2017.03.12	,2017职业联赛	,第五周	,第一场	,IM vs WE	,WE	,49分34秒	,IMBen4	,WExiye	,IM	,深海泰坦-诺提勒斯	,青钢影-卡蜜尔	,惩戒之箭-韦鲁斯	,121	,85	,22	,2	,3	,11	,89817	,WE	,傲之追猎者-雷恩加尔	,虚空先知-玛尔扎哈	,法外狂徒-格雷福斯	,51	,15	,21	,1	,1	,7	,90265	
2017.03.12	,2017职业联赛	,第五周	,第二场	,IM vs WE	,WE	,26分4秒	,WExiye	,WExiye	,IM	,虚空先知-玛尔扎哈	,惩戒之箭-韦鲁斯	,傲之追猎者-雷恩加尔	,238	,117	,2	,0	,1	,1	,38539	,WE	,猩红收割者-弗拉基米尔	,寒冰射手-艾希	,法外狂徒-格雷福斯	,111	,164	,12	,1	,2	,7	,49860	
2017.03.11	,2017职业联赛	,第五周	,第一场	,RNG vs Newbee	,RNG	,29分44秒	,RNGMlxg	,RNG	,RNG	,虚空掠夺者-卡兹克	,虚空先知-玛尔扎哈	,傲之追猎者-雷恩加尔	,57	,98	,12	,2	,2	,11	,60977	,Newbee	,惩戒之箭-韦鲁斯	,诡术妖姬-乐芙兰	,暗黑元首-辛德拉	,76	,60	,3	,0	,1	,0	,44915	
2017.03.11	,2017职业联赛	,第五周	,第二场	,RNG vs Newbee	,RNG	,28分30秒	,RNGLetme	,RNGMlxg	,RNG	,符文法师-瑞兹	,暗黑元首-辛德拉	,虚空先知-玛尔扎哈	,98	,126	,8	,0	,0	,1	,45291	,Newbee	,虚空掠夺者-卡兹克	,傲之追猎者-雷恩加尔	,诡术妖姬-乐芙兰	,76	,64	,18	,0	,2	,11	,58004	
2017.03.11	,2017职业联赛	,第五周	,第一场	,OMG vs GT	,GT	,41分44秒	,OMGWorld6	,GTGimgoon	,OMG	,机械公敌-兰博	,符文法师-瑞兹	,惩戒之箭-韦鲁斯	,61	,69	,14	,0	,2	,4	,74664	,GT	,诡术妖姬-乐芙兰	,未来守护者-杰斯	,虚空先知-玛尔扎哈	,143	,43	,7	,2	,3	,11	,81866	
2017.03.11	,2017职业联赛	,第五周	,第二场	,OMG vs GT	,OMG	,40分20秒	,OMGIcon	,OMGSmlz	,OMG	,酒桶-古拉加斯	,诡术妖姬-乐芙兰	,未来守护者-杰斯	,238	,134	,19	,1	,0	,5	,72438	,GT	,狂暴之心-凯南	,符文法师-瑞兹	,惩戒之箭-韦鲁斯	,68	,245	,25	,1	,4	,9	,77837	
2017.03.11	,2017职业联赛	,第五周	,第三场	,OMG vs GT	,GT	,44分8秒	,GTSavoki	,GTGimgoon	,OMG	,暮光之眼-慎	,未来守护者-杰斯	,诡术妖姬-乐芙兰	,238	,245	,22	,1	,3	,9	,83767	,GT	,狂暴之心-凯南	,符文法师-瑞兹	,惩戒之箭-韦鲁斯	,240	,69	,16	,1	,2	,4	,77334	
2017.03.11	,2017职业联赛	,第五周	,第一场	,Snake vs VG	,Snake	,52分44秒	,SSSofM	,VGEndless	,Snake	,未来守护者-杰斯	,虚空先知-玛尔扎哈	,翠神-艾翁	,8	,51	,9	,3	,2	,8	,95491	,VG	,惩戒之箭-韦鲁斯	,诡术妖姬-乐芙兰	,青钢影-卡蜜尔	,61	,85	,17	,0	,3	,7	,95089	
2017.03.11	,2017职业联赛	,第五周	,第二场	,Snake vs VG	,Snake	,31分10秒	,SSZz1tai	,SSSofM	,Snake	,虚空先知-玛尔扎哈	,未来守护者-杰斯	,仙灵女巫-璐璐	,111	,68	,11	,1	,1	,11	,62174	,VG	,惩戒之箭-韦鲁斯	,诡术妖姬-乐芙兰	,青钢影-卡蜜尔	,13	,85	,0	,0	,1	,2	,47175	
2017.03.10	,2017职业联赛	,第五周	,第一场	,QG vs IM	,QG	,40分13秒	,QGClid	,QGClid	,QG	,荆棘之兴-婕拉	,皮城女警-凯特琳	,惩戒之箭-韦鲁斯	,115	,22	,15	,2	,2	,10	,77034	,IM	,符文法师-瑞兹	,暮光之眼-慎	,诡术妖姬-乐芙兰	,79	,58	,5	,0	,3	,4	,66678	
2017.03.10	,2017职业联赛	,第五周	,第二场	,QG vs IM	,IM	,28分18秒	,QGClid	,IMBen4	,QG	,皮城女警-凯特琳	,荆棘之兴-婕拉	,惩戒之箭-韦鲁斯	,164	,61	,6	,0	,1	,1	,42985	,IM	,诡术妖姬-乐芙兰	,傲之追猎者-雷恩加尔	,符文法师-瑞兹	,267	,8	,16	,1	,2	,11	,56808	
2017.03.10	,2017职业联赛	,第五周	,第三场	,QG vs IM	,IM	,58分12秒	,IMAmazingJ	,IMBen4	,QG	,荆棘之兴-婕拉	,法外狂徒-格雷福斯	,天启者-卡尔玛	,26	,61	,14	,3	,2	,7	,98077	,IM	,符文法师-瑞兹	,诡术妖姬-乐芙兰	,傲之追猎者-雷恩加尔	,98	,164	,20	,0	,5	,9	,102190	
2017.03.10	,2017职业联赛	,第五周	,第一场	,EDG vs IG	,EDG	,59分49秒	,EDGZet	,EDGScout	,EDG	,不祥之刃-卡特琳娜	,傲之追猎者-雷恩加尔	,未来守护者-杰斯	,245	,163	,21	,1	,2	,10	,106188	,IG	,诡术妖姬-乐芙兰	,惩戒之箭-韦鲁斯	,青钢影-卡蜜尔	,111	,79	,24	,2	,4	,7	,108932	
2017.03.10	,2017职业联赛	,第五周	,第二场	,EDG vs IG	,IG	,32分27秒	,IGKidKid	,IGRookie	,EDG	,青钢影-卡蜜尔	,虚空先知-玛尔扎哈	,惩戒之箭-韦鲁斯	,238	,202	,21	,1	,3	,10	,64977	,IG	,法外狂徒-格雷福斯	,诡术妖姬-乐芙兰	,傲之追猎者-雷恩加尔	,117	,267	,6	,0	,1	,2	,49872	
2017.03.10	,2017职业联赛	,第五周	,第三场	,EDG vs IG	,EDG	,59分49秒	,IGRookie	,IGRookie	,EDG	,机械公敌-兰博	,虚空先知-玛尔扎哈	,法外狂徒-格雷福斯	,238	,61	,25	,4	,3	,11	,111247	,IG	,诡术妖姬-乐芙兰	,惩戒之箭-韦鲁斯	,青钢影-卡蜜尔	,57	,267	,31	,0	,3	,6	,108111	
2017.03.09	,2017职业联赛	,第五周	,第二场	,Newbee vs Snake	,Snake	,41分26秒	,SSZz1tai	,SSkRYST4L	,Newbee	,虚空先知-玛尔扎哈	,诡术妖姬-乐芙兰	,暮光之眼-慎	,103	,69	,11	,1	,2	,11	,78133	,Snake	,爆破鬼才-吉格斯	,惩戒之箭-韦鲁斯	,青钢影-卡蜜尔	,41	,61	,10	,1	,3	,5	,71665	
2017.03.09	,2017职业联赛	,第五周	,第一场	,Newbee vs Snake	,Newbee	,31分19秒	,NBSwift	,SSFlandre	,Newbee	,虚空先知-玛尔扎哈	,蜘蛛女皇-伊莉丝	,符文法师-瑞兹	,114	,98	,17	,1	,2	,11	,63286	,Snake	,惩戒之箭-韦鲁斯	,法外狂徒-格雷福斯	,傲之追猎者-雷恩加尔	,117	,267	,7	,0	,1	,4	,51954	
2017.03.09	,2017职业联赛	,第五周	,第二场	,VG vs OMG	,OMG	,27分21秒	,VGEndless	,OMGSmlz	,VG	,翠神-艾翁	,未来守护者-杰斯	,符文法师-瑞兹	,61	,8	,12	,1	,2	,8	,53440	,OMG	,惩戒之箭-韦鲁斯	,诡术妖姬-乐芙兰	,虚空先知-玛尔扎哈	,134	,69	,6	,0	,0	,1	,42244	
2017.03.09	,2017职业联赛	,第五周	,第三场	,Newbee vs Snake	,Snake	,29分36秒	,SSOhq	,SSOhq	,Newbee	,爆破鬼才-吉格斯	,法外狂徒-格雷福斯	,惩戒之箭-韦鲁斯	,98	,114	,5	,0	,0	,2	,45091	,Snake	,诡术妖姬-乐芙兰	,虚空先知-玛尔扎哈	,仙灵女巫-璐璐	,202	,22	,18	,1	,2	,10	,61969	
2017.03.09	,2017职业联赛	,第五周	,第一场	,VG vs OMG	,OMG	,38分6秒	,OMGXiyang	,VGBengi	,VG	,惩戒之箭-韦鲁斯	,诡术妖姬-乐芙兰	,暮光之眼-慎	,245	,202	,10	,0	,1	,4	,63751	,OMG	,翠神-艾翁	,未来守护者-杰斯	,符文法师-瑞兹	,68	,51	,21	,2	,4	,9	,73418	
2017.03.05	,2017职业联赛	,第四周	,第二场	,EDG vs RNG	,RNG	,35分5秒	,RNGMing	,EDG	,EDG	,扭曲树精-茂凯	,虚空掠夺者-卡兹克	,蜘蛛女皇-伊莉丝	,223	,202	,16	,0	,1	,8	,63176	,RNG	,暮光之眼-慎	,惩戒之箭-韦鲁斯	,诡术妖姬-乐芙兰	,81	,51	,12	,0	,3	,3	,58262	
2017.03.05	,2017职业联赛	,第四周	,第一场	,GT vs LGD	,GT	,28分21秒	,GTXiaoyu	,LGDImp	,GT	,机械公敌-兰博	,酒桶-古拉加斯	,扭曲树精-茂凯	,61	,134	,17	,1	,2	,9	,55731	,LGD	,诡术妖姬-乐芙兰	,未来守护者-杰斯	,青钢影-卡蜜尔	,41	,58	,8	,0	,1	,4	,46735	
2017.03.05	,2017职业联赛	,第四周	,第二场	,GT vs LGD	,LGD	,34分20秒	,GTXiaoyu	,LGDFunny	,GT	,诡术妖姬-乐芙兰	,未来守护者-杰斯	,惩戒之箭-韦鲁斯	,240	,57	,16	,1	,3	,10	,69293	,LGD	,天启者-卡尔玛	,酒桶-古拉加斯	,暗黑元首-辛德拉	,61	,68	,10	,0	,0	,2	,54900	
2017.03.05	,2017职业联赛	,第四周	,第三场	,GT vs LGD	,GT	,39分55秒	,LGDEimy	,LGDImp	,GT	,酒桶-古拉加斯	,皮城女警-凯特琳	,战争女神-希维尔	,42	,0	,24	,1	,2	,11	,74980	,LGD	,符文法师-瑞兹	,未来守护者-杰斯	,诡术妖姬-乐芙兰	,240	,164	,13	,0	,2	,3	,66056	
2017.03.05	,2017职业联赛	,第四周	,第一场	,EDG vs RNG	,RNG	,33分16秒	,EDGZet	,EDGZet	,EDG	,法外狂徒-格雷福斯	,未来守护者-杰斯	,虚空掠夺者-卡兹克	,58	,114	,5	,0	,0	,4	,53470	,RNG	,惩戒之箭-韦鲁斯	,诡术妖姬-乐芙兰	,傲之追猎者-雷恩加尔	,90	,223	,14	,2	,2	,9	,66691	
2017.03.04	,2017职业联赛	,第四周	,第二场	,QG vs OMG	,QG	,50分39秒	,QGDoinb	,OMGWorld6	,QG	,天启者-卡尔玛	,青钢影-卡蜜尔	,惩戒之箭-韦鲁斯	,223	,13	,15	,0	,3	,7	,89201	,OMG	,虚空先知-玛尔扎哈	,荆棘之兴-婕拉	,傲之追猎者-雷恩加尔	,412	,117	,21	,3	,3	,10	,98078	
2017.03.04	,2017职业联赛	,第四周	,第一场	,QG vs OMG	,QG	,51分46秒	,QGAli	,QGDoinb	,QG	,荆棘之兴-婕拉	,虚空先知-玛尔扎哈	,扭曲树精-茂凯	,412	,111	,22	,2	,4	,10	,100484	,OMG	,天启者-卡尔玛	,青钢影-卡蜜尔	,傲之追猎者-雷恩加尔	,7	,223	,13	,1	,2	,3	,89515	
2017.03.04	,2017职业联赛	,第四周	,第二场	,WE vs IG	,WE	,41分22秒	,IGKidKid	,IGMarge	,WE	,虚空先知-玛尔扎哈	,法外狂徒-格雷福斯	,青钢影-卡蜜尔	,13	,61	,18	,0	,1	,4	,72583	,IG	,未来守护者-杰斯	,诡术妖姬-乐芙兰	,虚空掠夺者-卡兹克	,98	,111	,20	,1	,2	,8	,74757	
2017.03.04	,2017职业联赛	,第四周	,第一场	,WE vs IG	,WE	,37分26秒	,WEMystic	,IGMarge	,WE	,未来守护者-杰斯	,诡术妖姬-乐芙兰	,傲之追猎者-雷恩加尔	,60	,76	,24	,1	,3	,11	,73943	,IG	,青钢影-卡蜜尔	,惩戒之箭-韦鲁斯	,虚空掠夺者-卡兹克	,13	,61	,8	,0	,1	,1	,61071	
2017.03.04	,2017职业联赛	,第四周	,第二场	,VG vs IM	,IM	,36分58秒	,IMAmazingJ	,IMRoad	,VG	,机械公敌-兰博	,未来守护者-杰斯	,暮光之眼-慎	,134	,2	,16	,1	,2	,8	,68621	,IM	,青钢影-卡蜜尔	,傲之追猎者-雷恩加尔	,法外狂徒-格雷福斯	,61	,223	,7	,1	,1	,2	,59179	
2017.03.04	,2017职业联赛	,第四周	,第一场	,VG vs IM	,IM	,41分37秒	,VGHetong	,VG	,VG	,虚空先知-玛尔扎哈	,扭曲树精-茂凯	,诡术妖姬-乐芙兰	,111	,122	,7	,0	,2	,3	,68138	,IM	,机械公敌-兰博	,未来守护者-杰斯	,暮光之眼-慎	,134	,15	,14	,1	,3	,9	,78600	
2017.03.03	,2017职业联赛	,第四周	,第三场	,RNG vs GT	,RNG	,31分28秒	,RNGXiaohu	,RNGUzi	,RNG	,未来守护者-杰斯	,虚空先知-玛尔扎哈	,青钢影-卡蜜尔	,240	,223	,16	,1	,2	,10	,64113	,GT	,暗黑元首-辛德拉	,诡术妖姬-乐芙兰	,法外狂徒-格雷福斯	,51	,202	,3	,1	,1	,1	,49720	
2017.03.03	,2017职业联赛	,第四周	,第二场	,RNG vs GT	,RNG	,34分55秒	,GTWest	,GT	,RNG	,暗黑元首-辛德拉	,法外狂徒-格雷福斯	,未来守护者-杰斯	,57	,412	,10	,0	,1	,3	,55692	,GT	,青钢影-卡蜜尔	,虚空先知-玛尔扎哈	,诡术妖姬-乐芙兰	,223	,98	,20	,1	,3	,10	,66348	
2017.03.03	,2017职业联赛	,第四周	,第三场	,LGD vs EDG	,EDG	,42分21秒	,LGDIntruder	,LGD	,LGD	,诡术妖姬-乐芙兰	,未来守护者-杰斯	,青钢影-卡蜜尔	,13	,134	,10	,0	,1	,3	,68908	,EDG	,法外狂徒-格雷福斯	,惩戒之箭-韦鲁斯	,傲之追猎者-雷恩加尔	,60	,421	,31	,2	,4	,11	,87699	
2017.03.03	,2017职业联赛	,第四周	,第二场	,LGD vs EDG	,EDG	,26分50秒	,EDGScout	,LGD	,LGD	,机械公敌-兰博	,法外狂徒-格雷福斯	,傲之追猎者-雷恩加尔	,60	,42	,18	,1	,3	,11	,56889	,EDG	,诡术妖姬-乐芙兰	,惩戒之箭-韦鲁斯	,未来守护者-杰斯	,13	,69	,3	,0	,0	,0	,38820	
2017.03.03	,2017职业联赛	,第四周	,第一场	,LGD vs EDG	,LGD	,33分44秒	,LGDIntruder	,LGDGodV	,LGD	,诡术妖姬-乐芙兰	,未来守护者-杰斯	,青钢影-卡蜜尔	,69	,13	,14	,1	,3	,11	,66468	,EDG	,虚空先知-玛尔扎哈	,惩戒之箭-韦鲁斯	,傲之追猎者-雷恩加尔	,143	,61	,7	,0	,1	,1	,52687	
2017.03.03	,2017职业联赛	,第四周	,第一场	,RNG vs GT	,GT	,45分55秒	,RNGMlxg	,GTXiaoyu	,RNG	,符文法师-瑞兹	,青钢影-卡蜜尔	,未来守护者-杰斯	,68	,41	,17	,0	,3	,4	,79980	,GT	,暗黑元首-辛德拉	,诡术妖姬-乐芙兰	,法外狂徒-格雷福斯	,21	,117	,21	,2	,2	,11	,88371	
2017.03.02	,2017职业联赛	,第四周	,第一场	,IG vs Newbee	,IG	,29分33秒	,IGKidKid	,IGMarge	,IG	,符文法师-瑞兹	,青钢影-卡蜜尔	,虚空掠夺者-卡兹克	,61	,202	,15	,1	,2	,11	,59692	,Newbee	,诡术妖姬-乐芙兰	,傲之追猎者-雷恩加尔	,惩戒之箭-韦鲁斯	,69	,60	,5	,0	,0	,1	,46095	
2017.03.02	,2017职业联赛	,第四周	,第二场	,Snake vs WE	,WE	,29分12秒	,WExiye	,WECondi	,Snake	,发条魔灵-奥莉安娜	,青钢影-卡蜜尔	,虚空先知-玛尔扎哈	,114	,85	,11	,1	,2	,9	,56682	,WE	,傲之追猎者-雷恩加尔	,诡术妖姬-乐芙兰	,惩戒之箭-韦鲁斯	,21	,69	,2	,0	,1	,1	,43983	
2017.03.02	,2017职业联赛	,第四周	,第一场	,Snake vs WE	,WE	,37分10秒	,WExiye	,SSOhq	,Snake	,虚空先知-玛尔扎哈	,傲之追猎者-雷恩加尔	,诡术妖姬-乐芙兰	,79	,13	,10	,1	,3	,3	,63495	,WE	,惩戒之箭-韦鲁斯	,戏命师-烬	,青钢影-卡蜜尔	,412	,61	,18	,0	,1	,10	,70073	
2017.03.02	,2017职业联赛	,第四周	,第二场	,IG vs Newbee	,IG	,29分44秒	,IGMegan	,IGRookie	,IG	,诡术妖姬-乐芙兰	,荆棘之兴-婕拉	,未来守护者-杰斯	,69	,134	,8	,0	,0	,2	,48064	,Newbee	,青钢影-卡蜜尔	,符文法师-瑞兹	,惩戒之箭-韦鲁斯	,21	,117	,14	,1	,3	,11	,60110	
2017.02.19	,2017职业联赛	,第三周	,第二场	,RNG vs LGD	,RNG	,34分12秒	,RNGMlxg	,RNGLetme	,RNG	,惩戒之箭-韦鲁斯	,未来守护者-杰斯	,诡术妖姬-乐芙兰	,60	,57	,5	,1	,0	,2	,54485	,LGD	,皮城女警-凯特琳	,青钢影-卡蜜尔	,傲之追猎者-雷恩加尔	,61	,134	,18	,0	,3	,9	,66776	
2017.02.19	,2017职业联赛	,第三周	,第一场	,RNG vs LGD	,RNG	,25分28秒	,RNGLetme	,RNGUzi	,RNG	,皮城女警-凯特琳	,战争女神-希维尔	,虚空掠夺者-卡兹克	,22	,81	,13	,1	,2	,11	,53138	,LGD	,青钢影-卡蜜尔	,诡术妖姬-乐芙兰	,傲之追猎者-雷恩加尔	,13	,143	,4	,0	,0	,2	,38133	
2017.02.19	,2017职业联赛	,第三周	,第二场	,IM vs IG	,IG	,43分40秒	,IGDuke	,IGMarge	,IM	,虚空先知-玛尔扎哈	,符文法师-瑞兹	,虚空掠夺者-卡兹克	,61	,110	,18	,1	,2	,10	,83627	,IG	,诡术妖姬-乐芙兰	,傲之追猎者-雷恩加尔	,盲僧-李青	,134	,202	,10	,1	,3	,4	,73692	
2017.02.19	,2017职业联赛	,第三周	,第一场	,IM vs IG	,IG	,63分21秒	,IGMegan	,IMJinjiao	,IM	,蜘蛛女皇-伊莉丝	,诡术妖姬-乐芙兰	,虚空掠夺者-卡兹克	,134	,126	,11	,0	,2	,8	,102939	,IG	,青钢影-卡蜜尔	,暮光之眼-慎	,傲之追猎者-雷恩加尔	,143	,223	,25	,4	,5	,9	,121359	
2017.02.19	,2017职业联赛	,第三周	,第二场	,Snake vs OMG	,OMG	,29分3秒	,SSMint	,OMGIcon	,Snake	,虚空掠夺者-卡兹克	,狂暴之心-凯南	,青钢影-卡蜜尔	,69	,42	,9	,1	,3	,9	,56522	,OMG	,诡术妖姬-乐芙兰	,傲之追猎者-雷恩加尔	,暮光之眼-慎	,104	,13	,4	,0	,0	,1	,46494	
2017.02.19	,2017职业联赛	,第三周	,第一场	,Snake vs OMG	,OMG	,42分36秒	,SSTank	,SSSofM	,Snake	,暮光之眼-慎	,荆棘之兴-婕拉	,诡术妖姬-乐芙兰	,202	,134	,9	,0	,1	,4	,71927	,OMG	,傲之追猎者-雷恩加尔	,青钢影-卡蜜尔	,虚空掠夺者-卡兹克	,114	,85	,21	,2	,4	,10	,83247	
2017.02.18	,2017职业联赛	,第三周	,第二场	,GT vs Newbee	,GT	,40分50秒	,GTGimgoon	,GTXubin	,GT	,诡术妖姬-乐芙兰	,惩戒之箭-韦鲁斯	,符文法师-瑞兹	,134	,69	,8	,0	,1	,5	,65327	,Newbee	,虚空掠夺者-卡兹克	,傲之追猎者-雷恩加尔	,青钢影-卡蜜尔	,98	,57	,19	,2	,2	,10	,77111	
2017.02.18	,2017职业联赛	,第三周	,第一场	,GT vs Newbee	,GT	,65分49秒	,GTXubin	,NBLwx	,GT	,虚空掠夺者-卡兹克	,暮光之眼-慎	,傲之追猎者-雷恩加尔	,60	,427	,21	,3	,4	,11	,117835	,Newbee	,青钢影-卡蜜尔	,诡术妖姬-乐芙兰	,符文法师-瑞兹	,81	,51	,26	,2	,3	,7	,118881	
2017.02.18	,2017职业联赛	,第三周	,第二场	,EDG vs QG	,EDG	,44分4秒	,QGKabe	,QG	,EDG	,未来守护者-杰斯	,暗黑元首-辛德拉	,荆棘之兴-婕拉	,21	,223	,9	,0	,2	,3	,73737	,QG	,青钢影-卡蜜尔	,傲之追猎者-雷恩加尔	,天启者-卡尔玛	,98	,64	,18	,2	,3	,11	,83588	
2017.02.18	,2017职业联赛	,第三周	,第一场	,EDG vs QG	,EDG	,47分20秒	,EDGFireloli	,EDGFireloli	,EDG	,符文法师-瑞兹	,青钢影-卡蜜尔	,傲之追猎者-雷恩加尔	,43	,412	,19	,2	,3	,11	,92678	,QG	,未来守护者-杰斯	,暗黑元首-辛德拉	,惩戒之箭-韦鲁斯	,22	,202	,13	,1	,2	,7	,84231	
2017.02.18	,2017职业联赛	,第三周	,第三场	,WE vs VG	,WE	,39分57秒	,WEMystic	,WEMystic	,WE	,翠神-艾翁	,狂战士-奥拉夫	,未来守护者-杰斯	,143	,223	,22	,2	,4	,10	,78706	,VG	,傲之追猎者-雷恩加尔	,青钢影-卡蜜尔	,诡术妖姬-乐芙兰	,81	,51	,13	,0	,0	,1	,64781	
2017.02.18	,2017职业联赛	,第三周	,第二场	,WE vs VG	,WE	,35分48秒	,WECondi	,VG	,WE	,皮城女警-凯特琳	,诡术妖姬-乐芙兰	,傲之追猎者-雷恩加尔	,13	,121	,2	,0	,0	,3	,56459	,VG	,翠神-艾翁	,未来守护者-杰斯	,青钢影-卡蜜尔	,143	,98	,13	,2	,4	,10	,70223	
2017.02.18	,2017职业联赛	,第三周	,第一场	,WE vs VG	,VG	,37分25秒	,WEMystic	,VGBengi	,WE	,翠神-艾翁	,虚空先知-玛尔扎哈	,狂战士-奥拉夫	,69	,134	,6	,0	,2	,2	,58798	,VG	,傲之追猎者-雷恩加尔	,青钢影-卡蜜尔	,诡术妖姬-乐芙兰	,202	,51	,20	,2	,1	,11	,74732	
2017.02.17	,2017职业联赛	,第三周	,第二场	,Snake vs LGD	,LGD	,42分19秒	,LGDEimy	,Snake	,Snake	,惩戒之箭-韦鲁斯	,虚空先知-玛尔扎哈	,狂暴之心-凯南	,42	,223	,25	,1	,1	,10	,80239	,LGD	,傲之追猎者-雷恩加尔	,未来守护者-杰斯	,翠神-艾翁	,61	,143	,23	,2	,4	,5	,78817	
2017.02.17	,2017职业联赛	,第三周	,第一场	,Snake vs LGD	,LGD	,38分28秒	,SSZzr	,SSZzr	,Snake	,未来守护者-杰斯	,翠神-艾翁	,虚空先知-玛尔扎哈	,245	,7	,15	,1	,3	,6	,74183	,LGD	,傲之追猎者-雷恩加尔	,青钢影-卡蜜尔	,虚空掠夺者-卡兹克	,42	,134	,14	,1	,1	,7	,71510	
2017.02.17	,2017职业联赛	,第三周	,第二场	,RNG vs IG	,RNG	,30分31秒	,RNGMlxg	,RNGMlxg	,RNG	,皮城女警-凯特琳	,戏命师-烬	,虚空先知-玛尔扎哈	,22	,15	,8	,0	,0	,1	,48665	,IG	,傲之追猎者-雷恩加尔	,诡术妖姬-乐芙兰	,虚空掠夺者-卡兹克	,21	,223	,20	,1	,3	,11	,64499	
2017.02.17	,2017职业联赛	,第三周	,第三场	,RNG vs IG	,RNG	,25分20秒	,RNGUzi	,RNG	,RNG	,虚空掠夺者-卡兹克	,蜘蛛女皇-伊莉丝	,诡术妖姬-乐芙兰	,21	,223	,14	,1	,3	,11	,51901	,IG	,皮城女警-凯特琳	,傲之追猎者-雷恩加尔	,符文法师-瑞兹	,61	,15	,5	,0	,0	,2	,38191	
2017.02.17	,2017职业联赛	,第三周	,第一场	,RNG vs IG	,RNG	,29分22秒	,IGKidKid	,IGKidKid	,RNG	,暮光之眼-慎	,诡术妖姬-乐芙兰	,傲之追猎者-雷恩加尔	,13	,58	,6	,0	,1	,2	,47509	,IG	,皮城女警-凯特琳	,戏命师-烬	,虚空掠夺者-卡兹克	,427	,2	,15	,1	,2	,7	,57846	
2017.02.16	,2017职业联赛	,第三周	,第二场	,WE vs GT	,WE	,31分39秒	,GTRepublic	,WEMystic	,WE	,暮光之眼-慎	,扭曲树精-茂凯	,傲之追猎者-雷恩加尔	,13	,110	,11	,0	,0	,3	,51265	,GT	,未来守护者-杰斯	,青钢影-卡蜜尔	,虚空先知-玛尔扎哈	,85	,60	,22	,1	,3	,9	,63589	
2017.02.16	,2017职业联赛	,第三周	,第一场	,WE vs GT	,WE	,31分26秒	,WExiye	,WEMystic	,WE	,未来守护者-杰斯	,符文法师-瑞兹	,青钢影-卡蜜尔	,223	,85	,16	,1	,4	,11	,61491	,GT	,暮光之眼-慎	,扭曲树精-茂凯	,圣锤之毅-波比	,38	,134	,11	,0	,0	,1	,48648	
2017.02.16	,2017职业联赛	,第三周	,第三场	,Newbee vs QG	,Newbee	,32分54秒	,NBCoco	,Newbee	,Newbee	,天启者-卡尔玛	,符文法师-瑞兹	,诡术妖姬-乐芙兰	,69	,134	,11	,0	,2	,11	,60456	,QG	,荆棘之兴-婕拉	,虚空先知-玛尔扎哈	,傲之追猎者-雷恩加尔	,421	,60	,1	,1	,1	,3	,49965	
2017.02.16	,2017职业联赛	,第三周	,第二场	,Newbee vs QG	,QG	,25分20秒	,NBSwift	,Newbee	,Newbee	,荆棘之兴-婕拉	,虚空先知-玛尔扎哈	,未来守护者-杰斯	,110	,42	,22	,1	,1	,10	,54859	,QG	,符文法师-瑞兹	,青钢影-卡蜜尔	,河流之王-塔姆	,69	,134	,4	,0	,2	,0	,36299	
2017.02.16	,2017职业联赛	,第三周	,第一场	,Newbee vs QG	,Newbee	,41分29秒	,QGKabe	,QG	,Newbee	,天启者-卡尔玛	,符文法师-瑞兹	,青钢影-卡蜜尔	,15	,412	,19	,1	,3	,8	,74909	,QG	,荆棘之兴-婕拉	,虚空先知-玛尔扎哈	,惩戒之箭-韦鲁斯	,223	,201	,14	,0	,1	,3	,66601	
2017.02.12	,2017职业联赛	,第二周	,第一场	,EDG vs Newbee	,Newbee	,44分9秒	,NBSwift	,EDGZet	,EDG	,虚空掠夺者-卡兹克	,未来守护者-杰斯	,青钢影-卡蜜尔	,51	,202	,16	,1	,3	,4	,77501	,Newbee	,暗黑元首-辛德拉	,惩戒之箭-韦鲁斯	,傲之追猎者-雷恩加尔	,98	,60	,17	,1	,2	,8	,81750	
2017.02.12	,2017职业联赛	,第二周	,第二场	,EDG vs Newbee	,Newbee	,37分46秒	,EDGMeiko	,EDGZet	,EDG	,暗黑元首-辛德拉	,符文法师-瑞兹	,虚空掠夺者-卡兹克	,202	,22	,17	,1	,0	,6	,69917	,Newbee	,青钢影-卡蜜尔	,诡术妖姬-乐芙兰	,傲之追猎者-雷恩加尔	,57	,61	,10	,0	,4	,5	,67132	
2017.02.12	,2017职业联赛	,第二周	,第一场	,VG vs GT	,VG	,37分19秒	,VGLoong	,GTXubin	,VG	,符文法师-瑞兹	,诡术妖姬-乐芙兰	,惩戒之箭-韦鲁斯	,27	,57	,16	,0	,3	,9	,71242	,GT	,暗黑元首-辛德拉	,翠神-艾翁	,暮光之眼-慎	,143	,21	,3	,1	,0	,1	,56931	
2017.02.12	,2017职业联赛	,第二周	,第二场	,VG vs GT	,VG	,36分59秒	,VGLoong	,VGHetong	,VG	,翠神-艾翁	,惩戒之箭-韦鲁斯	,虚空掠夺者-卡兹克	,61	,98	,10	,0	,1	,2	,59595	,GT	,诡术妖姬-乐芙兰	,青钢影-卡蜜尔	,傲之追猎者-雷恩加尔	,21	,143	,26	,1	,2	,9	,74355	
2017.02.12	,2017职业联赛	,第二周	,第一场	,WE vs QG	,WE	,28分42秒	,WECondi	,QGCloud	,WE	,惩戒之箭-韦鲁斯	,青钢影-卡蜜尔	,虚空掠夺者-卡兹克	,223	,64	,13	,0	,2	,7	,53264	,QG	,荆棘之兴-婕拉	,未来守护者-杰斯	,皮城女警-凯特琳	,13	,134	,2	,0	,1	,2	,43333	
2017.02.12	,2017职业联赛	,第二周	,第二场	,WE vs QG	,QG	,35分4秒	,QGKabe	,QGKabe	,WE	,荆棘之兴-婕拉	,虚空先知-玛尔扎哈	,未来守护者-杰斯	,7	,21	,10	,0	,2	,9	,66154	,QG	,青钢影-卡蜜尔	,虚空掠夺者-卡兹克	,傲之追猎者-雷恩加尔	,110	,22	,4	,1	,2	,2	,56140	
2017.02.12	,2017职业联赛	,第二周	,第三场	,WE vs QG	,QG	,57分12秒	,WECondi	,WEMystic	,WE	,扭曲树精-茂凯	,符文法师-瑞兹	,青钢影-卡蜜尔	,42	,126	,16	,0	,4	,9	,98089	,QG	,荆棘之兴-婕拉	,虚空先知-玛尔扎哈	,傲之追猎者-雷恩加尔	,21	,412	,17	,3	,2	,8	,99795	
2017.02.11	,2017职业联赛	,第二周	,第一场	,RNG vs Snake	,RNG	,29分40秒	,RNGLetme	,RNG	,RNG	,扭曲树精-茂凯	,虚空掠夺者-卡兹克	,炼金术士-辛吉德	,21	,223	,16	,1	,3	,11	,58209	,Snake	,诡术妖姬-乐芙兰	,傲之追猎者-雷恩加尔	,青钢影-卡蜜尔	,134	,69	,2	,0	,0	,5	,48799	
2017.02.11	,2017职业联赛	,第二周	,第二场	,RNG vs Snake	,RNG	,35分6秒	,RNGUzi	,RNGLetme	,RNG	,翠神-艾翁	,未来守护者-杰斯	,荆棘之兴-婕拉	,7	,22	,6	,0	,0	,3	,56929	,Snake	,傲之追猎者-雷恩加尔	,戏命师-烬	,青钢影-卡蜜尔	,114	,98	,24	,2	,3	,11	,72718	
2017.02.11	,2017职业联赛	,第二周	,第一场	,IM vs OMG	,OMG	,39分55秒	,OMGWorld6	,OMG	,IM	,扭曲树精-茂凯	,惩戒之箭-韦鲁斯	,诡术妖姬-乐芙兰	,134	,42	,9	,1	,0	,3	,67199	,OMG	,傲之追猎者-雷恩加尔	,青钢影-卡蜜尔	,虚空掠夺者-卡兹克	,126	,69	,20	,0	,4	,9	,76125	
2017.02.11	,2017职业联赛	,第二周	,第二场	,IM vs OMG	,OMG	,31分34秒	,OMGIcon	,OMGSmlz	,IM	,虚空掠夺者-卡兹克	,青钢影-卡蜜尔	,符文法师-瑞兹	,61	,98	,15	,2	,3	,10	,62910	,OMG	,傲之追猎者-雷恩加尔	,诡术妖姬-乐芙兰	,虚空先知-玛尔扎哈	,60	,134	,3	,0	,0	,0	,46477	
比赛日期,比赛,比赛场次,比赛小场,对阵双方,获胜方,比赛时长,一血得主,第一座塔得主,蓝方名称,蓝方ban英雄1,蓝方ban英雄2,蓝方ban英雄3,,蓝方ban英雄4,蓝方ban英雄5,蓝方ban英雄,蓝方总击杀,蓝方击杀大龙,蓝方击杀小龙,蓝方推塔数,蓝方总金钱,红方名称,红方ban英雄1,红方ban英雄2,红方ban英雄3,红方ban英雄4,红方ban英雄5,红方ban英雄6,红方总击杀,红方击杀大龙,红方击杀小龙,红方推塔数,红方总金钱
2017.02.11	,2017职业联赛	,第二周	,第一场	,IG vs LGD	,IG	,39分39秒	,IGRookie	,IGMegan	,IG	,皮城女警-凯特琳	,暮光之眼-慎	,惩戒之箭-韦鲁斯	,427	,61	,24	,1	,3	,9	,78467	,LGD	,青钢影-卡蜜尔	,傲之追猎者-雷恩加尔	,诡术妖姬-乐芙兰	,13	,42	,13	,1	,1	,1	,65858	
2017.02.11	,2017职业联赛	,第二周	,第二场	,IG vs LGD	,IG	,34分16秒	,IGRookie	,LGDIntruder	,IG	,荆棘之兴-婕拉	,诡术妖姬-乐芙兰	,青钢影-卡蜜尔	,126	,223	,12	,0	,0	,2	,56426	,LGD	,皮城女警-凯特琳	,战争女神-希维尔	,赏金猎人-厄运小姐	,61	,13	,33	,1	,3	,9	,72623	
2017.02.10	,2017职业联赛	,第二周	,第三场	,VG vs QG	,QG	,26分12秒	,QGDoinb	,QGKabe	,VG	,扭曲树精-茂凯	,诡术妖姬-乐芙兰	,傲之追猎者-雷恩加尔	,69	,110	,3	,1	,0	,2	,40041	,QG	,暗黑元首-辛德拉	,未来守护者-杰斯	,翠神-艾翁	,51	,98	,16	,0	,3	,8	,49785	
2017.02.10	,2017职业联赛	,第二周	,第一场	,EDG vs GT	,GT	,43分21秒	,GTXubin	,EDGFireloli	,EDG	,未来守护者-杰斯	,炼金术士-辛吉德	,青钢影-卡蜜尔	,22	,202	,9	,0	,1	,8	,74772	,GT	,傲之追猎者-雷恩加尔	,诡术妖姬-乐芙兰	,荆棘之兴-婕拉	,61	,42	,26	,2	,3	,9	,84348	
2017.02.10	,2017职业联赛	,第二周	,第二场	,EDG vs GT	,EDG	,26分1秒	,EDGFireloli	,GT	,EDG	,惩戒之箭-韦鲁斯	,虚空掠夺者-卡兹克	,发条魔灵-奥莉安娜	,143	,21	,3	,0	,0	,1	,37269	,GT	,青钢影-卡蜜尔	,傲之追猎者-雷恩加尔	,诡术妖姬-乐芙兰	,64	,421	,26	,1	,3	,11	,58752	
2017.02.10	,2017职业联赛	,第二周	,第三场	,EDG vs GT	,EDG	,41分12秒	,GTWushuang	,EDGZet	,EDG	,未来守护者-杰斯	,炼金术士-辛吉德	,虚空掠夺者-卡兹克	,22	,51	,16	,2	,3	,10	,77897	,GT	,诡术妖姬-乐芙兰	,青钢影-卡蜜尔	,傲之追猎者-雷恩加尔	,143	,61	,13	,0	,2	,2	,65710	
2017.02.10	,2017职业联赛	,第二周	,第一场	,VG vs QG	,VG	,34分29秒	,QGAlone	,VGLoong	,VG	,惩戒之箭-韦鲁斯	,诡术妖姬-乐芙兰	,傲之追猎者-雷恩加尔	,85	,57	,11	,2	,3	,10	,67427	,QG	,暗黑元首-辛德拉	,荆棘之兴-婕拉	,青钢影-卡蜜尔	,61	,60	,9	,0	,0	,2	,54541	
2017.02.10	,2017职业联赛	,第二周	,第二场	,VG vs QG	,QG	,30分45秒	,QGKabe	,QGCandyseven	,VG	,翠神-艾翁	,暗黑元首-辛德拉	,未来守护者-杰斯	,143	,223	,17	,1	,2	,11	,62412	,QG	,诡术妖姬-乐芙兰	,傲之追猎者-雷恩加尔	,青钢影-卡蜜尔	,110	,412	,7	,0	,1	,1	,47139	
2017.02.09	,2017职业联赛	,第二周	,第二场	,LGD vs OMG	,LGD	,42分52秒	,OMGIcon	,LGDGodV	,LGD	,翠神-艾翁	,虚空先知-玛尔扎哈	,青钢影-卡蜜尔	,115	,61	,21	,0	,0	,1	,74691	,OMG	,海洋之灾-普朗克	,扭曲树精-茂凯	,诡术妖姬-乐芙兰	,13	,134	,21	,3	,5	,11	,86893	
2017.02.09	,2017职业联赛	,第二周	,第一场	,LGD vs OMG	,LGD	,35分48秒	,OMGJueJue	,LGDGodV	,LGD	,海洋之灾-普朗克	,扭曲树精-茂凯	,诡术妖姬-乐芙兰	,78	,64	,17	,1	,2	,10	,69246	,OMG	,傲之追猎者-雷恩加尔	,青钢影-卡蜜尔	,虚空掠夺者-卡兹克	,61	,134	,9	,0	,2	,2	,59711	
2017.02.09	,2017职业联赛	,第二周	,第二场	,IM vs Snake	,Snake	,37分8秒	,IMBen4	,IMJinjiao	,IM	,虚空先知-玛尔扎哈	,诡术妖姬-乐芙兰	,荆棘之兴-婕拉	,85	,122	,20	,1	,2	,9	,69690	,Snake	,傲之追猎者-雷恩加尔	,青钢影-卡蜜尔	,未来守护者-杰斯	,134	,69	,19	,0	,2	,6	,66278	
2017.02.09	,2017职业联赛	,第二周	,第一场	,IM vs Snake	,Snake	,55分36秒	,SSSofM	,IMBen4	,IM	,虚空先知-玛尔扎哈	,未来守护者-杰斯	,暗黑元首-辛德拉	,69	,13	,15	,1	,2	,6	,96770	,Snake	,诡术妖姬-乐芙兰	,傲之追猎者-雷恩加尔	,荆棘之兴-婕拉	,202	,22	,28	,2	,3	,9	,105835	
2017.01.22	,2017职业联赛	,第一周	,第一场	,GT vs QG	,QG	,35分18秒	,QGDoinb	,QGCloud	,GT	,未来守护者-杰斯	,虚空先知-玛尔扎哈	,青钢影-卡蜜尔	,51	,202	,18	,2	,4	,10	,71794	,QG	,诡术妖姬-乐芙兰	,傲之追猎者-雷恩加尔	,荆棘之兴-婕拉	,429	,110	,4	,0	,0	,1	,54080	
2017.01.22	,2017职业联赛	,第一周	,第二场	,GT vs QG	,QG	,35分22秒	,QGClid	,QGAlone	,GT	,未来守护者-杰斯	,虚空先知-玛尔扎哈	,青钢影-卡蜜尔	,51	,22	,22	,1	,2	,9	,65586	,QG	,诡术妖姬-乐芙兰	,傲之追猎者-雷恩加尔	,符文法师-瑞兹	,143	,21	,3	,0	,1	,3	,53591	
2017.01.22	,2017职业联赛	,第一周	,第一场	,VG vs Newbee	,VG	,37分45秒	,VGLoong	,NBLwx	,VG	,符文法师-瑞兹	,扭曲树精-茂凯	,诡术妖姬-乐芙兰	,126	,22	,15	,1	,3	,8	,71245	,Newbee	,蜘蛛女皇-伊莉丝	,傲之追猎者-雷恩加尔	,青钢影-卡蜜尔	,202	,110	,7	,0	,1	,2	,60328	
2017.01.22	,2017职业联赛	,第一周	,第二场	,VG vs Newbee	,Newbee	,33分35秒	,VGBengi	,NBHappy	,VG	,蜘蛛女皇-伊莉丝	,机械公敌-兰博	,符文法师-瑞兹	,223	,61	,26	,0	,3	,10	,69302	,Newbee	,傲之追猎者-雷恩加尔	,青钢影-卡蜜尔	,诡术妖姬-乐芙兰	,111	,48	,10	,0	,0	,0	,53037	
2017.01.22	,2017职业联赛	,第一周	,第三场	,VG vs Newbee	,Newbee	,40分46秒	,NBSwift	,VGXuanXuanPi	,VG	,诡术妖姬-乐芙兰	,虚空掠夺者-卡兹克	,虚空先知-玛尔扎哈	,202	,22	,12	,2	,4	,10	,79202	,Newbee	,青钢影-卡蜜尔	,傲之追猎者-雷恩加尔	,河流之王-塔姆	,421	,60	,3	,0	,1	,4	,64623	
2017.01.22	,2017职业联赛	,第一周	,第一场	,EDG vs WE	,EDG	,39分50秒	,WECondi	,WEMystic	,EDG	,扭曲树精-茂凯	,英勇投弹手-库奇	,傲之追猎者-雷恩加尔	,21	,223	,13	,2	,5	,10	,76906	,WE	,青钢影-卡蜜尔	,诡术妖姬-乐芙兰	,暗黑元首-辛德拉	,110	,22	,7	,0	,0	,3	,64577	
2017.01.22	,2017职业联赛	,第一周	,第二场	,EDG vs WE	,EDG	,37分29秒	,EDGScout	,EDGZet	,EDG	,虚空掠夺者-卡兹克	,赏金猎人-厄运小姐	,河流之王-塔姆	,126	,60	,17	,1	,1	,9	,68697	,WE	,傲之追猎者-雷恩加尔	,青钢影-卡蜜尔	,扭曲树精-茂凯	,22	,51	,16	,1	,2	,8	,70488	
2017.01.21	,2017职业联赛	,第一周	,第二场	,RNG vs OMG	,RNG	,50分44秒	,RNGMlxg	,RNGMlxg	,RNG	,符文法师-瑞兹	,青钢影-卡蜜尔	,荆棘之兴-婕拉	,61	,412	,18	,1	,2	,8	,91455	,OMG	,诡术妖姬-乐芙兰	,傲之追猎者-雷恩加尔	,虚空先知-玛尔扎哈	,111	,78	,23	,0	,3	,7	,89538	
2017.01.21	,2017职业联赛	,第一周	,第一场	,IM vs LGD	,IM	,28分19秒	,LGDGodV	,LGD	,IM	,戏命师-烬	,暗黑元首-辛德拉	,不祥之刃-卡特琳娜	,223	,114	,9	,0	,1	,0	,42689	,LGD	,诡术妖姬-乐芙兰	,傲之追猎者-雷恩加尔	,虚空先知-玛尔扎哈	,69	,61	,15	,1	,2	,11	,59426	
2017.01.21	,2017职业联赛	,第一周	,第二场	,IM vs LGD	,LGD	,32分13秒	,LGDPyl	,LGDImp	,IM	,戏命师-烬	,盲僧-李青	,符文法师-瑞兹	,143	,223	,19	,1	,4	,11	,68542	,LGD	,傲之追猎者-雷恩加尔	,诡术妖姬-乐芙兰	,虚空先知-玛尔扎哈	,134	,103	,5	,0	,0	,0	,47643	
2017.01.21	,2017职业联赛	,第一周	,第三场	,IM vs LGD	,IM	,29分48秒	,IMAmazingJ	,IMBen4	,IM	,英勇投弹手-库奇	,虚空先知-玛尔扎哈	,暗黑元首-辛德拉	,43	,51	,18	,1	,3	,8	,59001	,LGD	,傲之追猎者-雷恩加尔	,青钢影-卡蜜尔	,诡术妖姬-乐芙兰	,22	,143	,3	,0	,0	,2	,45305	
2017.01.21	,2017职业联赛	,第一周	,第一场	,Snake vs IG	,Snake	,38分57秒	,SSTank	,Snake	,Snake	,虚空先知-玛尔扎哈	,诡术妖姬-乐芙兰	,盲僧-李青	,22	,202	,11	,1	,2	,8	,72365	,IG	,傲之追猎者-雷恩加尔	,青钢影-卡蜜尔	,荆棘之兴-婕拉	,43	,126	,9	,0	,1	,2	,63897	
2017.01.21	,2017职业联赛	,第一周	,第二场	,Snake vs IG	,IG	,32分55秒	,SSSofM	,IGKidKid	,Snake	,未来守护者-杰斯	,虚空先知-玛尔扎哈	,戏命师-烬	,111	,412	,21	,1	,2	,11	,68447	,IG	,诡术妖姬-乐芙兰	,傲之追猎者-雷恩加尔	,青钢影-卡蜜尔	,223	,27	,10	,0	,1	,3	,54040	
2017.01.21	,2017职业联赛	,第一周	,第三场	,Snake vs IG	,Snake	,53分1秒	,IGDuke	,IGDuke	,Snake	,诡术妖姬-乐芙兰	,暗黑元首-辛德拉	,盲僧-李青	,126	,0	,17	,1	,1	,8	,92617	,IG	,傲之追猎者-雷恩加尔	,青钢影-卡蜜尔	,虚空先知-玛尔扎哈	,51	,22	,15	,1	,4	,7	,94724	
2017.01.21	,2017职业联赛	,第一周	,第一场	,RNG vs OMG	,OMG	,57分13秒	,OMGSmlz	,RNGBaybay	,RNG	,虚空先知-玛尔扎哈	,符文法师-瑞兹	,扭曲树精-茂凯	,110	,202	,23	,1	,2	,6	,102037	,OMG	,傲之追猎者-雷恩加尔	,青钢影-卡蜜尔	,诡术妖姬-乐芙兰	,121	,60	,21	,2	,4	,10	,107690	
2017.01.21	,2017职业联赛	,第一周	,第三场	,RNG vs OMG	,RNG	,35分17秒	,OMGFive	,OMGSmlz	,RNG	,虚空先知-玛尔扎哈	,符文法师-瑞兹	,扭曲树精-茂凯	,103	,111	,25	,0	,1	,7	,66764	,OMG	,傲之追猎者-雷恩加尔	,诡术妖姬-乐芙兰	,青钢影-卡蜜尔	,22	,78	,19	,1	,2	,4	,64386	
2017.01.20	,2017职业联赛	,第一周	,第一场	,WE vs Newbee	,WE	,37分34秒	,WEMystic	,WEMystic	,WE	,蜘蛛女皇-伊莉丝	,符文法师-瑞兹	,河流之王-塔姆	,48	,111	,16	,2	,2	,11	,73854	,Newbee	,青钢影-卡蜜尔	,诡术妖姬-乐芙兰	,傲之追猎者-雷恩加尔	,134	,51	,7	,0	,1	,2	,61334	
2017.01.20	,2017职业联赛	,第一周	,第二场	,WE vs Newbee	,Newbee	,38分20秒	,NBSwift	,WE	,WE	,荆棘之兴-婕拉	,虚空先知-玛尔扎哈	,惩戒之箭-韦鲁斯	,51	,412	,13	,0	,2	,8	,66444	,Newbee	,青钢影-卡蜜尔	,傲之追猎者-雷恩加尔	,诡术妖姬-乐芙兰	,48	,223	,5	,2	,2	,5	,62015	
2017.01.20	,2017职业联赛	,第一周	,第三场	,WE vs Newbee	,WE	,36分22秒	,WECondi	,WEZero	,WE	,虚空掠夺者-卡兹克	,符文法师-瑞兹	,魔蛇之拥-卡西奥佩娅	,223	,21	,17	,1	,3	,8	,67314	,Newbee	,青钢影-卡蜜尔	,诡术妖姬-乐芙兰	,傲之追猎者-雷恩加尔	,110	,51	,7	,0	,1	,4	,57955	
2017.01.20	,2017职业联赛	,第一周	,第一场	,EDG vs VG	,EDG	,37分49秒	,EDGScout	,EDGScout	,EDG	,未来守护者-杰斯	,虚空先知-玛尔扎哈	,傲之追猎者-雷恩加尔	,13	,68	,14	,1	,1	,9	,68357	,VG	,青钢影-卡蜜尔	,诡术妖姬-乐芙兰	,虚空掠夺者-卡兹克	,22	,254	,6	,0	,2	,2	,59831	
2017.01.20	,2017职业联赛	,第一周	,第二场	,EDG vs VG	,EDG	,38分8秒	,EDGZet	,EDGZet	,EDG	,青钢影-卡蜜尔	,未来守护者-杰斯	,诡术妖姬-乐芙兰	,22	,51	,6	,0	,1	,2	,58810	,VG	,傲之追猎者-雷恩加尔	,暗黑元首-辛德拉	,魔蛇之拥-卡西奥佩娅	,60	,421	,20	,1	,4	,9	,73760	
2017.01.19	,2017职业联赛	,第一周	,第一场	,RNG vs IM	,IM	,28分8秒	,RNGMlxg	,IMJinjiao	,RNG	,暗黑元首-辛德拉	,虚空先知-玛尔扎哈	,寒冰射手-艾希	,43	,78	,15	,1	,3	,8	,54704	,IM	,青钢影-卡蜜尔	,傲之追猎者-雷恩加尔	,荆棘之兴-婕拉	,60	,421	,5	,0	,0	,2	,44034	
2017.01.19	,2017职业联赛	,第一周	,第二场	,IG vs OMG	,IG	,33分9秒	,IGDuke	,OMGJueJue	,IG	,虚空遁地兽-雷克塞	,青钢影-卡蜜尔	,蜘蛛女皇-伊莉丝	,22	,110	,9	,0	,1	,2	,54087	,OMG	,虚空先知-玛尔扎哈	,傲之追猎者-雷恩加尔	,诡术妖姬-乐芙兰	,48	,240	,18	,1	,3	,9	,64806	
2017.01.19	,2017职业联赛	,第一周	,第一场	,IG vs OMG	,IG	,38分38秒	,IGRookie	,OMGJueJue	,IG	,未来守护者-杰斯	,蜘蛛女皇-伊莉丝	,虚空先知-玛尔扎哈	,121	,64	,22	,1	,4	,10	,75457	,OMG	,青钢影-卡蜜尔	,虚空遁地兽-雷克塞	,暗黑元首-辛德拉	,48	,267	,10	,0	,0	,2	,63491	
2017.01.19	,2017职业联赛	,第一周	,第二场	,RNG vs IM	,IM	,33分22秒	,IMBen4	,RNGUzi	,RNG	,暗黑元首-辛德拉	,虚空先知-玛尔扎哈	,寒冰射手-艾希	,421	,121	,20	,1	,2	,10	,65634	,IM	,傲之追猎者-雷恩加尔	,青钢影-卡蜜尔	,惩戒之箭-韦鲁斯	,69	,61	,12	,0	,1	,2	,55499	
总条数：137	
